{
  "project_info": {
    "project_number": "615702662211",
    "project_id": "logeaci",
    "storage_bucket": "logeaci.appspot.com"
  },
  "client": [
    {
      "client_info": {
        "mobilesdk_app_id": "1:615702662211:android:d69812b3a769b7a62758f6",
        "android_client_info": {
          "package_name": "com.example.logeaci"
        }
      },
      "oauth_client": [
        {
          "client_id": "615702662211-7ctqtd9a5ri5cdk5h2j050qmdgqo3knd.apps.googleusercontent.com",
          "client_type": 3
        }
      ],
      "api_key": [
        {
          "current_key": "AIzaSyB0pji_ecWTTTdvQiUYo9XV_fm-cXSN59U"
        }
      ],
      "services": {
        "appinvite_service": {
          "other_platform_oauth_client": [
            {
              "client_id": "615702662211-7ctqtd9a5ri5cdk5h2j050qmdgqo3knd.apps.googleusercontent.com",
              "client_type": 3
            }
          ]
        }
      }
    }
  ],
  "configuration_version": "1"
}